라인프렌즈 2022년 각 부문 수시,서울 용산구
LG디스플레이,경기도 파주
각 부문별,서울 강남구
각 부문별,성남 분당구
2022년 메타버스 아카데미 1기 교육생,성남 분당구
2022년 충남대학교 소프트웨어연구소 AI 인공지능 교육생,대전 유성구
"S/W 엔지니어, 데이터분석 신입/경력 정규직, 인턴",성남 분당구
한국필립모리스 2022년 상반기 수시,서울 영등포구
[NAVER Z] 데이터 엔지니어,성남 분당구
"Student Researcher Intern, 2022",서울 강남구
2022년 새일직업교육훈련 교육생,서울 용산구
각 부문별,서울 마포구
파이썬 개발자 - Python Developer,서울+1 지역
각 부문별,서울 서대문구
"Student Researcher Intern, 2022",서울
[KSTEC] 통계 및 Business Analytics 신입 및 경력사원,성남 분당구
"Python,R,DataAnalysis,머신러닝,빅데이터 인턴 신입/경력",서울 도화동
"자율 주행, 로봇 SW 개발자",성남 수정구
LG전자,서울 영등포구
빗썸 테크 캠프 : 블록체인 코스 / 2기,서울 강남구
[신입] Growth Data Analyst,서울
[KSTEC] RPA 신입/경력,성남 분당구
SW 분야 상시,성남 분당구
[TmaxEdu/R&D] 연구 개발자,성남 분당구
각 부문별,서울 서초구
딥러닝 AI 개발 연구원,성남 수정구
[고용노동부 취업교육] 자바·스프링·앱 실무 개발자 4월,부산 부산진구
[TmaxAI/R&D] NLP(자연어/문서/음성/감성분석)부문 개발자,성남 분당구
AI연구원,성남 분당구
각 부문별,서울 종로구
Vocational Training Program Intern (Developer/Researcher Rol...,서울
LG이노텍,서울 마곡역
Software Engineer - Python and K8s,서울
Quantitative Research Intern,서울
"Software Engineering Intern, 2022",서울 강남구
Vision AI 알고리즘 및 응용서비스 개발자,성남 분당구
S/W 개발팀,서울 금천구
[취업연계] AI 클라우드/메타버스 영상인식 교육생,부산
AI Backend 시스템 개발 전문가,서울 중구
[외국계 스타트업 미소] Business Analyst,서울
"플랫폼 S/W 개발자(웹 엔지니어·웹 프로그래머,Java, jsp, Python)",서울 강서구
각 부문별,서울 중구
LG디스플레이,경기도 파주
[NHN] 인사운영,성남 판교역
2022 GEDP (Global Engineering Development Program),경기도 성남
Business Analyst,서울
지투알,서울
Software Engineer,서울 강남구
LG CNS,서울
기술 인턴 인공지능 응용 연구/개발 인턴,서울 관악구
"[리얼클래스]백엔드 개발자 (Backend Developer, Python)",서울 강남구
Python Programmer,서울 서초구
[고객서비스] 데이터 분석 및 예측모형 개발 담당자,성남 분당구
JR0186078 AI Research Engineer Intern,서울
전문연구요원 (병역특례) 수시 (AI / SW 분야),성남 분당구
'지역주도형 청년일자리 지원사업' IT개발,세종특별자치시 세종
2022년도 충청권 AI(인공지능) 교육생,청주 상당구
AI/Machine Learning 컨설턴트,서울 용산구
"PHP, Python 신입/경력 정규직",서울 금천구
프로그래머 -java/jsp/c#/python,대전 중구
SW개발,성남 분당구
[포티투마루] 인공지능(AI) 개발자 전 부문,서울 서초구
Solutions Engineering Intern,서울
[TmaxOS/R&D] OS부문 개발자,성남 분당구
"S/W개발자, H/W개발자, 기구설계 전문가",서울 강서구
3D영상/딥러닝/메타버스 소프트웨어 개발자,서울 성동구
"[TmaxMetaverse/R&D] 게임 엔진, 게임 서버, 메타버스 스튜디오, Vision AI 엔진 개발...",성남 분당구
AI Software Engineer,경기도 성남
전문연구요원 (병역특례) 수시 (AI / HW 분야),성남 분당구
11번가 데이터 아키텍처 분야,서울 중구
"AI: 데이터분석 통한 예측모델링, 알고리즘, 개인화 추천 전문가 (과장/대리급), TOP금융그룹 투자",서울 영등포구
Corporate Application Engineer - EBS,경기도 성남+1 지역
디지털전략본부 경력직 공개,대한민국
Software Architecture 설계 엔지니어,성남 분당구
금융 Data Scientist 컨설턴트,서울 종로구
